ID;Tag;Kategória;Štúdium;Autor;Otázka;Obmena 1;Obmena 2;Obmena 3;Obmena 4;Odpoveď 1;Odpoveď 2;Odpoveď 3
29;;Akademický rok;BID;JO;Kedy je začiatok akademického roku?;Kedy začína akademický rok?;Od kedy sa chodí  do školy?;Kedy je termín začiatku školského roka?;Kedy začína školský rok?;;;
30;;Akademický rok;BID;JO;Kedy je koniec akademického roku?;Kedy končí akademický rok?;Do kedy sa chodí do školy?;Kedy je termín konca školského roka?;Kedy končí školský rok?;;;
19;;Akcie;BID;JO, JK, AP;Aké akcie je možné nájsť na FRI počas roku?;Sú na FRI študentské akcie?;Aké sú možnosti kultúrneho vyžitia študentov?;Aké akcie sa dejú na FRI?;Aké sú voľnočasové aktivity na FRI? ;;;
20;;Akcie;BID;JO, AP;Čo je to FRIčkovica?;Čo za podujatie je FRIčkovica?;Čo sa robí na FRIčkovici?;Ako prebieha fričkovica?;Čo sa deje na fričkovici?;;;
21;;Akcie;BID;JO;Čo je to IT Trhovisko?;Čo za podujatie je IT Trhovisko?;Čo sa robí na IT Trhovisku?;Ako prebieha it trhovisko?;Čo sa deje na it trhovisku?;;;
22;;Akcie;BID;JO, AP;Čo je to beh Jeana de Mijona?;Čo za podujatie je beh Jeana de Mijona?;Čo sa robí na behu Jeana de Mijona?;Ako prebieha beh Jeana de Mijona?;Čo sa deje na behu Jeana de Mijona??;;;
40;;Akcie;BID;JO, AP;Kedy je deň otvorených dverí?;Kedy sa koná Deň otvorených dverí? ;Kedy je DOD?;Kedy sa koná DOD?;Kedy je termín dňa otvorených dverí?;;;
166;;Akcie;;JO, AP;Čo je to FRIFest?;Čo za podujatie je FRI fest?;Čo sa robí na FRI feste?;Ako prebieha frifest?;Čo sa deje na frifeste?;;;
169;;Akcie;;JO;Má FRI deň otvorených dverí?;Má FRI DOD?;Koná sa na FRI DOD?;Býva na fakulte deň otvorených dverí?;Koná sa na fakulte deň ptvorených dverí?;;;
170;;Akcie;;JO, AP;Čo je to panel story?;Čo za podujatie je panel story?;Čo sa robí na panel story?;Ako prebieha panel story?;Čo sa deje na panel strory?;;;
252;;Akcie;;JK;Chodí sa vrámci fakulty na spoločný výlet?;Je možnosť ísť na spoločný výlet vrámci fakulty?;Bývajú na FRI výlety?;Sú na fakulte spoločné výlety?;Dá sa ísť na FRI na výlet?;;;
432;;Akcie;;AP;Čo je to FRI ples?;Čo za podujatie je FRI ples?;Čo sa robí na FRI plese?;Ako prebieha ples?;Čo sa deje plese fakulty?;;;
403;;Dekanát;;AP;Kto je dekan?;Aké je meno dekana fakulty?;Ako sa volá dekan?;Meno dekana?;Priezvisko dekana?;;;
404;;Dekanát;;AP;Kto je prodekan pre vzdelávanie?;Aké je meno prodekana pre vzdelávanie?;Ako sa volá prodekan pre vzdelávanie?;Meno prodekana pre vzdelávanie?;Priezvisko prodekana pre vzdelávanie?;;;
405;;Dekanát;;AP;Kto je prodekan pre vedu a výskum?;Aké je meno prodekana pre vedu a výskum?;Ako sa volá prodekan pre vedu a výskum?;Kto má na starosti vedu a výskum?;Meno prodekana pre vedu a výskum?;;;
406;;Dekanát;;AP;Kto je prodekan pre zahraničné vzťahy?;Aké je meno prodekana pre zahraničné vzťahy?;Ako sa volá prodekan pre zahraničné vzťahy?;Kto má na starosti zahraničné vzťahy?;Meno prodekana pre zahraničné vzťahy?;;;
168;;Erazmus;;JO;Je možné sa na FRI zapojiť do programu Erasmus? ;Dá sa ísť na ERAZMUS?;Môžem ísť na ERAZMUS?;Je možné ísť na erazmus?;Je tu možnosť yúčastniť sa na erazme?;;;
191;;Erazmus;;JK, AP;Koho mám kontaktovať ak chcem vycestovať v rámci študentského programu erazmus?;Kto mi pomôže s ERAZMUS+?;Kto má na starosti ERAZMUS?;Za kým ísť kvôli erazmu?;Kto mi dá informácie o erazme?;;;
287;;Erazmus;;JK, AP;Aké možnosti Erasmu ponúka FRI?;Aké sú možnosti ERAZMU?;Aké sú možnosti zahraničných stáží?;Ako funguje erazmus?;Kedy sa dá ísť na eraymus?;;;
144;;Internát;;JO;Kde sa nachádzajú internáty?;Kde sú internáty?;Kde sú intráky?;Kde nájdem internát?;Kde sa nachádzajú intráky?;;;
77;;ISIC;;JO;Kde dostanem preukaz študenta?;Kde dostanem ISIC?;Kde mi vydajú ISIC?;Kde mi vydajú preukaz študenta?;;;;
78;;ISIC;;JO;Kedy dostanem preukaz študenta?;Kedy dostanem ISIC?;Kedy mi dajú isic?;Termín kedy mi dajú isic?;Kedy si ísť po isic?;;;
79;;ISIC;;JO, AP;Aký vysoký je poplatok za preukaz študenta?;Koľko stojí ISIC?;Koľko stojí preukaz študenta?;Koľko sa platí za ISIC?;Koľko sa platí za preukaz študenta?;;;
126;;ISIC;;JO;Je možné používať kartu ISIC aj v MHD?;Môžem cestovať s ISIC aj v MHD?;Je možné používať preukaz študenta aj v MHD?;Môžem cestovať s preukazom študenta aj v MHD?;;;;
127;;ISIC;;JO;Je možné používať kartu ISIC v SAD?;Môžem cestovať s ISIC aj v SAD?;Je možné používať kartu preukaz študenta v SAD?;Môžem cestovať s preukazom študenta aj v SAD?;;;;
128;;ISIC;;JO;Je možné používať kartu ISIC vo vlaku?;Môžem cestovať s ISIC aj vlakom?;Je možné používať kartu preukaz študenta vo vlaku?;Môžem cestovať s preukazom študenta aj vlakom?;;;;
158;;ISIC;;JO, JK;Kde je možné znovu aktivovať preukaz ISIC?;Kde si môžem aktivovať ISIC kartu?;Kde si môžem aktivovať preukaz študenta?;Kde sa aktivuje isic?;Kde sa akticuje preukaz študenta?;;;
159;;ISIC;;JO;Je možné znovu aktivovať preukat ISIC?;Môžem si predľžiť  platnosť ISIC?;Je možné znovu aktivovať preukat študenta?;Môžem si predĺžiť platnosť isicu?;;;;
179;;ISIC;;JK;Kde si môžem predĺžiť ISIC kartu? ;Kde viem predĺžiť ISIC?;Kde mi predĺžia platnosť ISIC?;Na akom mieste sa predlžuje isic?;;;;
306;;ISIC;;JK;Pomýlil som sa pri vypisovaní ISIC údajov, je možné ich zmeniť?;Viem zmeniť údaje, ktoré som zadal do ISIC? ;Zmením údaje na ISIC?;Môžem si zmeniť údaje na isicu?;;;;
307;;ISIC;;JK;Je možné chodiť na fri aj bez ISIC karty?;Je možné chodiť na fri aj bez preukazu študenta?;Pustia ma na FRI aj bez preukazu študenta?;Pustia ma na FRI aj bez  ISIC?;Musím mať ISIC?;;;
308;;ISIC;;JK;Ak nemám predĺženú ISIC kartu, je možné chodiť do školy?;Ak nemám predĺžený preukaz študenta, je možné chodiť do školy?;Ak nemám predĺženú ISIC kartu, pustia ma do školy?;Ak nemám predĺžený preukaz študenta, pustia ma do školy?;;;;
399;;ISIC;;AP;Kde si vybavím ISIC?;Kde si vybavím preukaz študenta?;Kde vydávajú ISIC?;Kde vydávajú preukaz študenta?;;;;
400;;ISIC;;AP;Do kedy je možné predĺžiť si ISIC?;Do kedy je možné predĺžiť preukaz študenta?;Posledný termín do kedy si viem predĺžiť isic?;Posledný dátum predĺženie isicu?;;;;
59;;Katedra;BID;JO;Aké katedry sa nachádzajú na FRI?;Aké ma FRI katedry?;FRI katedry?;Z akých katedier je fakulta?;Aké katedry sú na fakulte?;;;
60;;Katedra;BID;JO;Kde nájdem katedru informatiky?;Kde je katedra informatiky?;Kde sa nachádza katedra informatiky?;Kde je KI?;Kde nájdem KI?;;;
61;;Katedra;BID;JO;Kde nájdem katedru informačných sietí?;Kde je katedra informačných sietí?;Kde sa nachádza katedra informačných sietí?;Kde je KIS?;Kde nájdem KIS?;;;
62;;Katedra;BID;JO;Kde nájdem katedru makro a mikroekonomiky?;Kde je katedra makro a mikroekonomiky?;Kde sa nachádza katedra makro a mikroekonomiky?;Kde je KMME?;Kde nájdem KMME?;;;
63;;Katedra;BID;JO;Kde nájdem katedru matematických metód a operačnej analýze?;Kde je katedra matematických metód a operačnej analýze?;Kde sa nachádza katedra matematických metód a operačnej analýze?;Kde je frdsa?;Kde nájdem FRDSA?;;;
64;;Katedra;BID;JO;Kde nájdem katedru manažerských teórií?;Kde je katedra manažerských teórií?;Kde sa nachádza katedra manažerských teórií?;Kde je KMNT?;Kde nájdem KMNT?;;;
65;;Katedra;BID;JO;Kde nájdem katedru softvérových technológií;Kde je katedra softvérových technológií;Kde sa nachádza katedra softvérových technológií;Kde je KST?;Kde nájdem KST?;;;
66;;Katedra;BID;JO;Kde nájdem katedru technickej kybernetiky?;Kde je katedra technickej kybernetiky?;Kde sa nachádza katedra technickej kybernetiky?;Kde je FRTK?;Kde nájdem FRTK?;;;
1;;Kredity;B;JO, AP;Aký je minimálny počet kreditov na opakovanie prvého ročníka bakalárskeho štúdia?;Koľko kreditov potrebujem na zápis do rovnakého ročníka v prvom ročníku na bakalarskom štúdiu?;Koľko kreditov potrebujem pre opakovanie prvého ročníka na prvom stupni?;Aký počet kreditov musím mať aby som mohol opakovať prvý ročník na bakalárskon stupni?;Minimálny počet kreditov pre opakovanie 1. ročníka na 1. stupni?;;;
2;;Kredity;B;JO, AP;Aký je minimálny počet kreditov na opakovanie druhého ročníka bakalárskeho štúdia?;Koľko kreditov potrebujem na zápis do rovnakého ročníka v druhom ročníku  na bakalarskom štúdiu?;Koľko kreditov potrebujem pre opakovanie druhého ročníka na prvom stupni?;Aký počet kreditov musím mať aby som mohol opakovať druhý ročník na bakalárskon stupni?;Minimálny počet kreditov pre opakovanie 2. ročníka na 1. stupni?;;;
3;;Kredity;B;JO, AP;Aký je minimálny počet kreditov na opakovanie tretieho ročníka bakalárskeho štúdia?;Koľko kreditov potrebujem na zápis do rovnakého ročníka v treťom ročníku  na bakalarskom štúdiu?;Koľko kreditov potrebujem pre opakovanie tretieho ročníka na prvom stupni?;Aký počet kreditov musím mať aby som mohol opakovať tretí ročník na bakalárskon stupni?;Minimálny počet kreditov pre opakovanie 3. ročníka na 1. stupni?;;;
185;;Kredity;;JK;Koľko kreditov potrebujem pre opätovné zapísanie do toho istého ročníka?;Minimálny počet kreditov na opakovanie ročníka?;Aspoň koľko predmetov musím mať na opakovanie ročníka?;Koľko kreditom musím mať aby som mohol opakovať ročník?;;;;
186;;Kredity;;JK;Koľko kreditov potrebujem pre zapísanie do vyššieho ročníka?;Minimálny počet kreditov na postup do ďalšieho ročníka?;Aspoň koľko predmetov musím mať na zpísanie sa do vyššieho ročníka?;Koľko kreditom musím mať aby som mohol postúpiť do ďalšieho ročníka?;;;;
187;;Kredity;;JK;Koľko kreditov potrebujem pre uzatvorenie štúdia?;Minimálny počet kreditov na uzavretie ročníka?;Aspoň koľko predmetov musím mať na uzavretie ročníka?;Koľko kreditom musím mať aby som mohol uzavrieť ročník?;;;;
209;;Kredity;;JK;Sú nutné kredity aj z volitelných predmetov?;Potrebujem kredity z voliteľných predmetov?;Je nutné mať voliteľné predmety?;Musím si zapísať voliteľné predmety?;;;;
371;;Kredity;;AP;Koľko kreditov potrebujem na zápis do vyššieho ročníka v prvom ročníku na bakalarskom štúdiu?;Aký je minimálny počet kreditov na zápis do vyššieho ročníka v prvom ročníku bakalárskeho štúdia?;Koľko kreditov potrebujem na zápis do výššieho ročníka na prvom stupni v prvom ročníku?;Aký počet kreditov musím mať aby som mohol ísť do ďalšieho ročníka v prvom ročníku na bakalárskon stupni?;Minimálny počet kreditov pre postup do vyššieho ročníka v 1. ročníku na 1. stupni?;;;
372;;Kredity;;AP;Koľko kreditov potrebujem na zápis do vyššieho ročníka v druhom ročníku  na bakalarskom štúdiu?;Aký je minimálny počet kreditov na zápis do vyššieho ročníka v druhom ročníku bakalárskeho štúdia?;Koľko kreditov potrebujem na zápis do výššieho ročníka na prvom stupni v druhom ročníku?;Aký počet kreditov musím mať aby som mohol ísť do ďalšieho ročníka v druhom ročníku na bakalárskon stupni?;Minimálny počet kreditov pre postup do vyššieho ročníka v 2. ročníku na 1. stupni?;;;
376;;Kredity;;AP;Koľko kreditov potrebujem na ukončenie inžinierského štúdia?;Aký je minimály počet kreditov na ukončenie inžinierského štúdia?;Koľko kreditov potrebujem pre ukončenie ing. štúdia?;Aký počet kreditov musím mať aby som mohol ukončiť druhý stupeň?;Minimálny počet kreditov pre ukončenie 2. stupňa?;;;
80;;Miestnosť;;JO, JK;Kde nájdem študíjny referát?;Kde sa nachádza štúdijný referát?;Kde je štúdijné oddelenie?;V ktorej miestnosti je štúdijné oddelenie?;V ktorej miestnosti je štúdijný referát?;;;
104;;Miestnosť;;JO;Ako je možné zarezervovať si miestnosť?;Ako si viem rezervovať miestnosť?;Ako rezervovať učebňu?;Akým spôsobom si rezervujem učebňu?;;;;
105;;Miestnosť;;JO;Kde nájdem rezerváciu miestností?;Kde si rezervujem učebňu?;Kde si môžem rezervovať miestnosť?;Kde sa rezervuje trieda?;Kde si viem obsadiť učebňu?;;;
190;;Miestnosť;;JK;Chcem ísť za pánom prodekanom. V ktorej miestnosti by som ho vedel nájsť? ;Kde nájdem pána prodekana?;V akej miestnosti je prodekan?;Kancelária prodekana?;V ktorej kancelárii je prodekan?;;;
43;;O škole;BID;JO, AP;V aký rok vznikla FRI?;Kedy vznikla FRI?;Od kedy je fri?;Dátum vzniku fakulty?;;;;
44;;O škole;BID;JO, AP;V aký rok vznikla UNIZA?;Kedy vznikla UNIZA?;Od kedy je uniza?;Dátum vzniku univerzity?;;;;
92;;O škole;;JO;Aká je webová stránka UNIZA?;Aký web má UNIZA?;Link na stránku univerzita?;Akú ma univerzita stránku?;Web na unizu?;;;
93;;O škole;;JO;Aká je webová stránka FRI?;Aký web má FRI?;Link na stránku fakulty?;Akú ma fakulta stránku?;Web na fakultu?;;;
305;;O škole;;JK;Aká je presná adresa FRI?;Kde sa nachádza FRI?;Kde nájdem FRI?;Kde je fakulta?;Adresa fakulty?;;;
392;;O škole;;AP;Čo znamená skratka FRI?;Čo znamená FRI?;Z čoho vzniklo FRI?;Prečo skratka FRI?;;;;
139;;Poplatky;;JO, JK;Aká je výška poplatku za prihlášku?;Je za prihlášku na štúdium poplatok?;Koľko stojí nová prihláška?;Aká je cena prihlášky?;;;;
141;;Poplatky;;JO;Na aký účet je potrebné odoslať poplatok za prihlášku?;Na aký účet sa posielajú peniaze za prihlášku?;Kde zaplatiť prihlášku?;Kam sa platí účet za prihlášku?;;;;
441;;Poplatky;;AP;Koľko stojí internát?;Aký je poplatok za internát?;Koľko sa platí za internát?;Aká je cena internátu?;;;;
129;;Prax;;JO, AP;Je možné absolvovať predmet prax na fakulte?;Môžem absolvovať prax aj na fakulte?;Poskytuje FRI fakultnú prax?;Dá sa na fri robiť prax?;Môžem si odrobiť prax na fakulte?;;;
130;;Prax;;JO;Koľko je minimálny počet hodín praxe?;Koľko hodín praxe musím absolvovať?;Koľko hodín praxe musím odpracovať?;Minimálny počet hodín praxe?;;;;
53;;Predmet;BID;JO;Čo sú to povinné predmety?;Čo to znamená povinný predmet?;Aký to je povinný predmet?;Aká je definícia povinného predmetu?;Čo znamená pojem povinný predmet?;;;
54;;Predmet;BID;JO;Čo sú to povinne voliteľné predmety?;Čo to znamená povinne voliteľný predmet?;Aký to je povinne voliteľný predmet?;Aká je definícia povinne voliteľného predmetu?;Čo znamená pojem povinne voliteľný predmet?;;;
55;;Predmet;BID;JO;Čo sú to voliteľné predmety?;Čo to znamená voliteľný predmet?;Aký to je voliteľný predmet?;Aká je definícia voliteľného predmetu?;Čo znamená pojem voliteľný predmet?;;;
122;;Predmet;;JO;Aká je maximálna dĺžka platnosti známky z predmetu?;Ako dlho platí známka z predmetu?;Koľko rokov platí známka z predmetu?;Majú známky z predmetov maximálnu platnosť?;Má známka z predmetu maximálnu dĺžku platnosti?;;;
123;;Predmet;;JO;Je možné uznať predmety po prechode z inej fakulty?;Môžem si nechať uznať predmety, ktoré som absolvoval na inej fakulte?;Budú mi uznané predmety absolvované na inej fakulte?;Sú uznávané predmety, ktoré som absolvoval na inej fakulte?;Je možné uznanie predmetov, ktoré som absolvoval na inej fakulte?;;;
124;;Predmet;;JO;Je možné uznať predmety po prechode z inej Vysokej Školy?;Môžem si nechať uznať predmety, ktoré som absolvoval na inej vysokej škole?;Budú mi uznané predmety absolvované na inej vysokej škole?;Sú uznávané predmety, ktoré som absolvoval na inej fakulte?;Je možné uznanie predmetov, ktoré som absolvoval na inej vysokej škole?;;;
149;;Predmet;;JO;Kde nájdem predmety programu Informatika?;Je možné nájsť popis predmetov pre odbor Informatiky?;Dajú sa zistiť predmety pre študíjny program Informatika?;Aké sú predmety študíjneho programu Informatika?;Aké sú predmety pre študíjny program Informatika?;;;
150;;Predmet;;JO;Kde nájdem predmety programu Manažment?;Je možné nájsť popis predmetov pre odbor Manažment?;Dajú sa zistiť predmety pre študíjny program Manažment?;Aké sú predmety študíjneho programu Manažment?;Aké sú predmety pre študíjny program Manažment?;;;
151;;Predmet;;JO;Kde nájdem predmety programu Počítačové Inžinierstvo?;Je možné nájsť popis predmetov pre odbor Počítačové Inžinierstvo?;Dajú sa zistiť predmety pre študíjny program Počítačové Inžinierstvo?;Aké sú predmety študíjneho programu Počítačové Inžinierstvo?;Aké sú predmety pre študíjny program Počítačové Inžinierstvo?;;;
152;;Predmet;;JO;Kde nájdem predmety programu Biomedicínske inžinierstvo?;Je možné nájsť popis predmetov pre odbor Biomedicínske inžinierstvo?;Dajú sa zistiť predmety pre študíjny program Biomedicínske inžinierstvo?;Aké sú predmety študíjneho programu Biomedicínske inžinierstvo?;Aké sú predmety pre študíjny program Biomedicínske inžinierstvo?;;;
153;;Predmet;;JO;Kde nájdem predmety programu Inteligentné informačné systémy?;Je možné nájsť popis predmetov pre odbor Inteligentné informačné systémy?;Dajú sa zistiť predmety pre študíjny program Inteligentné informačné systémy?;Aké sú predmety študíjneho programu Inteligentné informačné systémy?;Aké sú predmety pre študíjny program Inteligentné informačné systémy?;;;
154;;Predmet;;JO;Kde nájdem predmety programu Informačné systémy?;Je možné nájsť popis predmetov pre odbor Informačné systémy?;Dajú sa zistiť predmety pre študíjny program Informačné systémy?;Aké sú predmety študíjneho programu Informačné systémy?;Aké sú predmety pre študíjny program Informačné systémy?;;;
155;;Predmet;;JO;Kde nájdem predmety programu Informačný manažment?;Je možné nájsť popis predmetov pre odbor Informačný manažment?;Dajú sa zistiť predmety pre študíjny program Informačný manažment?;Aké sú predmety študíjneho programu Informačný manažment?;Aké sú predmety pre študíjny program Informačný manažment?;;;
156;;Predmet;;JO;Kde nájdem predmety programu Aplikované sieťové inžinierstvo.;Je možné nájsť popis predmetov pre odbor Aplikované sieťové inžinierstvo?;Dajú sa zistiť predmety pre študíjny program Aplikované sieťové inžinierstvo?;Aké sú predmety študíjneho programu Aplikované sieťové inžinierstvo?;Aké sú predmety pre študíjny program Aplikované sieťové inžinierstvo?;;;
157;;Predmet;;JO;Rátajú sa mi predmety ako povinne voliteľné v prípade, že ich nemám vo svojom odbore?;Budú mi uznané povinne voliteľné predmety z iných odborov?;Sú povinne voliteľné predmety z iných študíjnych programov uznávané?;Je možné uznať povinne voliteľné predmety v prípade že sú z iného odboru?;Sú povinne voliteľné predmety z iných študíjnych programov uznávané?;;;
172;;Predmet;;JK;Ako dlho od absolvovania predmetu je možné ho uznať?;Po akú dlhú dobu od absolvovania je možné nechať si uznať predmet?;Aká dlhá je platnosť predmetov ktoré som absolvoval?;Aká je platnosť predmetov, ktoré som absolvoval v predchádzajúcich rokoch?;Koľko rokov platí známka z predmetu?;;;
189;;Predmet;;JK;Môžem si zapísať predmety aj z iného odboru?;Je možné si zapísať aj predmety z iného odboru?;Môžem si zapísať aj predmety ktoré sa nenachádzajú v mojom študíjnom programe?;Je možné si zapísať aj predmety iných študíjnych odborov?;Môžem si zapísať aj predmety ktoré sa nenachádzajú v mojom študíjnom odbore?;;;
192;;Predmet;;JK;Prichádzam z FIIT, ako mám postupovať pri uznávaní predmetov?;Prechádzam z inej fakulty, ako si môžem nechať uznať predmety, ktoré som absolvoval?;Ako si môžem nechať uznať predmety absolvované na inej fakulte?;Aký je postup pri uznávaní predmetov absolvovaných na iných fakultách?;Ako mám konať v prípade že si chcem nechať uznať predmety z inej fakulty?;;;
203;;Predmet;;JK;V rozvrhu sa mi nezobrazujú predmety, ako mám postupovať?;V rozvrhu nevidím všetky predmety, čo mám robiť?;Ako postupovať ak sa mi nezobrazujú v rozvrhu všetky moje predmety?;Môj rozvrh neobsahuje všetky predmety, ktoré mám prihlásené.;Čo mám robiť ak sa mi nezobrazujú všetky moje predmety v rozvrhu?;;;
277;;Predmet;;JK;Je možné uznať predmety aj po viac ako 3 rokoch od absolvovania skúšky?;Môžem si nechať uznať predmety aj viac ako 3 roky od absolvovania skúšky?;Dá sa absolvované predmety uznať aj viac ako 3 roky od absolvovania?;Uznavájú sa predmety aj viac ako 3 roky od ich absolvovania?;Je možné uznať predmet ktorý som absolvoval viac ako 3 roky dozadu?;;;
299;;Predmet;;JK;Kde nájdem vypísané predmety po novej akreditácií?;Kde je možné vidieť predmety v novej akreditácií?;Kde nájdem predmety aktuálne po novej akreditácií?;Je možné vidieť predmety ktoré sa nachádzajú v novej akreditácií?;Chcel by som nájsť predmety, ktoré sa nachádzajú v novej akreditácií.;;;
311;;Predmet;;JK;Na Teamse sa mi zobrazujú predmety, ktoré som už absolvoval, čo s tým mám robiť?;V aplikácií teams ešte stále mám predmety, ktoré som už absolvoval.;Ako postupovať ak mám v aplikácií MS Teams už absolvované predmety?;Teams obsahuje predmety ktoré som absolvoval v minulých semestroch.;Ako môžem z aplikácie teams vymazať predmety ktoré som už absolvoval?;;;
312;;Predmet;;JK;Na Teamse sa mi nezobrazujú predmety, ktoré mám zapísané, viete mi ich tam dokliknúť?;V aplikácií teams nemám predmety na ktoré som prihlásený;Nevidím v aplikácií teams všetky moje predmety.;Teams neobsahuje všetky predmety ktoré mám v rozvrhu.;Ako si môžem pridať do aplikácie teams všetky moje predmety?;;;
313;;Predmet;;JK;Na Teamse sa mi zobrazujú predmety z minulých rokov, viete mi ich odpísať?;V aplikácií teams ešte stále mám predmety, ktoré som absolvoval v minulých rokoch.;Ako postupovať ak mám v aplikácií MS Teams predmety z minulých rokov?;Teams obsahuje predmety ktoré som absolvoval v minulých rokoch.;Ako môžem z aplikácie teams vymazať predmety ktoré som už absolvoval počas minulých rokov?;;;
314;;Predmet;;JK;Na Teamse sa mi zobrazujú bakalárske predmety, čo s tým mám robiť?;V aplikácií teams ešte stále mám predmety, ktoré som absolvoval počas bakalárskeho štúdia.;Ako postupovať ak mám v aplkácií MS Teams predmety z bakalárskeh štúdia?;Teams obsahuje predmety ktoré som absolvoval počas bakalárskeho štúdia.;Ako môžem z aplikácie teams vymazať predmety ktoré som už absolvoval počas bakalárskeho štúdia?;;;
388;;Predmet;;AP;Aký výber predmetov mám?;Kde nájdem aké predmety mám na výber?;Aké predmety mám na výber počas môjho štúdia?;Ktoré predmety mám na výber na prihlásenie?;Aké voliteľne a povinne voliteľné predmety mám na výber?;;;
39;;Prijímačky;;JO, AP, JK;Kedy je príjmacie konanie?;Kedy sú prijímačky?;Kedy budú prebiehať prijímačky na FRI?;V aký dátum prebiehajú príjmačky?;Kedy prebieha príjmacie konanie na fakultu?;;;
200;;Prijímačky;;JK;Kde nájdem informácie o prijímacom konaní?;Kde nájdem informácie o príjmacom konaní?;Ako nájdem viac informácií o príjmacom konaní?;Kde je možné nájsť informácie o príjmačkach?;Kde je možné nájsť informácie o príjmacom konaní?;;;
275;;Prijímačky;;JK;Aké sú podmienky prijatia na bakalárske štúdium bez prijímačiek?;Za akých podmienok môžem ísť na bakalárske štúdium bez príjmačiek?;Aké sú podmienky pre prijatie na bakalára bez príjmačiek?;Kedy je možné ísť na bakalárske štúdium bez príjmacieho konania?;Čo musím spĺňať aby som bol prijatý na bakalárske štúdium bez príjmačiek?;;;
276;;Prijímačky;;JK;Aké sú podmienky prijatia na inžinierske štúdium programu x bez prijímačiek?;Za akých podmienok môžem ísť na inžinierske štúdium bez príjmačiek?;Aké sú podmienky pre prijatie na inžiniera bez príjmačiek?;Kedy je možné ísť na inžinierske štúdium bez príjmacieho konania?;Čo musím spĺňať aby som bol prijatý na inžinierske štúdium bez príjmačiek?;;;
291;;Prijímačky;;JK;Čo všetko si treba priniesť na prijímačky?;Čo všetko je potrebné priniesť na príjmacie konanie?;Čo je nutné doniesť na príjmacie konanie?;Aké dokumenty sú potrebné pri prijmačkách?;Čo si mám doniesť na príjmacie konanie?;;;
292;;Prijímačky;;JK, AP;Kde nájdem výsledky prijímačiek?;Kde nájdem výsledky prijímacieho konania?;Kde je možné nájst výsledky príjmačiek?;Kde je možné nájsť výsledky príjmacieho konania?;Kde sú výsledky príjmacieho konania?;;;
326;;Prijímačky;;JK;Ako prebieha prijímacie konanie na univerzite?;Ako prebieha príjmacie konanie?;Ako prebiehajú príjmačky?;Aký je postup pri príjmacom konaní?;Ako sa postupuje počas príjmačiek?;;;
343;;Prijímačky;;JK;Aké sú podmienky pre prijatie na doktorantské štúdium?;Aké podmienky pre prijatie má doktorantské štúdium?;Aké podmienky musím spĺňať pre doktorantské štúdium?;Ktoré podmienky sú potrebné pre doktorantské štúdium?;Za akých podmienok môžem ísť na doktorantské štúdium?;;;
428;;Prijímačky;;AP;Aké sú podmienky prijatia bez prijímačiek?;Za akých podmienok môžem ísť študovať bez príjmačiek?;Aké sú podmienky pre prijatie bez príjmačiek?;Kedy je možné byť prijatý bez príjmacieho konania?;Čo musím spĺňať aby som bol prijatý bez príjmačiek?;;;
430;;Prijímačky;;AP;Aké testy môžem očakávať na prijímačkach?;Aké otázky môžem očakávaň na príjmacom konaní?;Aký typ testu môžem očakávať na príjmacom konaní?;Aké testy sú súčasťou príjmacieho konania?;Čo je súčasťou testov na príjmačkách?;;;
98;;Projekt;;JO, JK;Kde môžem nájsť projekty inžinierského štúdia?;Kde nájdem vypísané inžinierske projekty?;Kde sú dostupné projekty inžinierského štúdia?;Je možné nájsť výpis projektov inžinierského štúdia?;Kde sa nachádzajú dostupné inžinierske projekty?;;;
298;;Projekt;;JK;Nebaví ma inžiniersky projekt je možné ho zmeniť?;Môžem zmeniť inžiniersky projekt?;Je možné zmeniť inžiniersky projekt?;Chcel by som zmeniť inžiniersky projekt.;Ako postupovať ak chcem zmeniť inžiniersky projekt?;;;
422;;Projekt;;AP;Ako si vyberiem projekt na inžinierskom štúdiu?;Ako si vybrať inžiniersky projekt?;Aké sú možnosti výberu inžinierského projektu?;Ako si vybrať projekt počas inžinierskeho štúdia?;Aké sú možnosti výberu projektu počas inžinierskeho štúdia?;;;
23;;Semester;BID;JO, AP;Kedy je začiatok letného semestra?;Kedy začína letný semester?;V aký dátum začína letný semester?;Aký je dátum začiatku letného semestra?;Aký je začiatok letného semestra?;;;
24;;Semester;BID;JO, AP;Kedy je koniec letného semestra?;Kedy končí letný semester?;V aký dátum končí letný semester?;Aký je dátum konca letného semestra?;Aký je koniec letného semestra?;;;
25;;Semester;BID;JO, AP;Kedy je začiatok zimného semestra?;Kedy začína zimný semester?;V aký dátum začína zimný semester?;Aký je dátum začiatku zimného semestra?;Aký je začiatok zimného semestra?;;;
26;;Semester;BID;JO, AP;Kedy je koniec zimného semestra?;Kedy končí zimný semester?;V aký dátum končí zimný semester?;Aký je dátum konca zimného semestra?;Aký je koniec zimného semestra?;;;
27;;Skúškové obdobie;BID;JO, AP;Kedy je koniec letného skúškového obdobia?;Kedy končí skúškové obdobie letného semestra?;V aký dátum končí skúškové obdobie počas letného semestra?;Aký je dátum konca skúškového obdobia letného semestra?;Aký je koniec skúškového obdobia letného semestra?;;;
28;;Skúškové obdobie;BID;JO, AP;Kedy je koniec zimného skúškového obdobie?;Kedy končí skúškové obdobie zimného semestra?;V aký dátum končí skúškové obdobie počas zimného semestra?;Aký je dátum konca skúškového obdobia zimného semestra?;Aký je koniec skúškového obdobia zimného semestra?;;;
369;;Skúškové obdobie;;AP;Kedy začína skúškové obdobie letného semestra?;Kedy začína skúškové obdobie letného semestra?;V aký dátum začína skúškové obdobie počas letného semestra?;Aký je dátum začiatku skúškového obdobia letného semestra?;Aký je začiatok skúškového obdobia letného semestra?;;;
370;;Skúškové obdobie;;AP;Kedy začína skúškové obdobie zimného semestra?;Kedy začína skúškové obdobie zimného semestra?;V aký dátum začína skúškové obdobie počas zimného semestra?;Aký je dátum začiatku skúškového obdobia zimného semestra?;Aký je začiatok skúškového obdobia zimného semestra?;;;
145;;Stravovanie;;JO;Kde je možný výdaj obedov?;Kde je možné si prevziať obed?;Na akých miestach je možné si prevziať obed?;Na akých miestach je výdaj obedov?;Kde všade je možné si prevziať obed?;;;
147;;Stravovanie;;JO;Je možný výdaj jedla na Novej Menze, aj keď nebývam na internátoch?;Je možné si prevziať obed na Novej Menze aj keď niesom na internáte?;Je možný výdaj jedla na Novej Menze aj keď nie som ubytovaný?;Poskytuje Nová Menza obed aj neubytovaným na internátoch?;Nie som na internáte, je možné si prevziať na Novej Menze obed?;;;
148;;Stravovanie;;JO;Je možný výdaj jedla na Starej Menze, aj keď nebývam na internátoch?;Je možné si prevziať obed na Starej Menze aj keď niesom na internáte?;Je možný výdaj jedla na Starej Menze aj keď nie som ubytovaný?;Poskytuje Stará Menza obed aj neubytovaným na internátoch?;Nie som na internáte, je možné si prevziať na Starej Menze obed?;;;
175;;Stravovanie;;JK;Ako funguje stravovanie v bufete na FRI? ;Ako funguje výdaj jedla vo FRI bufete?;Ako funguje preberanie jedla vo FRI bufete?;Ako je umožnený výdaj jedla na FRI bufete?;Aký je výdaj jedla na FRI Bufete?;;;
176;;Stravovanie;;JK;Treba si jedlo dopredu objednávať v bufete na FRI? ;Je nutné si jedlo objednať vopred vo FRI bufete?;Je potrebné si vo FRI bufete objednať jedlo vopred?;Objednáva sa jedlo vopred vo FRI Bufete?;Je vo FRI Bufete nutné si jedlo objednávať?;;;
383;;Stravovanie;;AP;Ako sa dá stravovať na FRI?;Aké sú možnosti stravovania na FRI?;Ako je možné sa na FRI stravovať?;Ako funguje stravovanie na FRI?;Ako funguje a aké sú možnosti stravovania na FRI?;;;
384;;Stravovanie;;AP;Do ktorej je otvorený bufet?;Do kedy je otvorený FRI Bufet?;V akých hodinách funguje FRI Bufet?;Kedy je otvorený FRI Bufet?;Kedy sa otvára FRI Bufet?;;;
442;;Stravovanie;;AP;Koľko stojí jedlo?;Aké sú ceny za jedlo na FRI?;Koľko stojí obed na FRI?;Za akú cenu sú poskytované obedy?;Aké drahé sú obedy?;;;
68;;Štipendium;BID;JO, AP;Aké formy štipendia je možné získať?;Aké štipendium môžem získať?;Aké sú rôzne druhy štipendia?;Ktoré štipendiá je možné získať?;Aké štipendiá sú na fakulte dostupné?;;;
339;;Štipendium;;JK;Aká je maximálna možná suma tehotenského štipendia?;Koľko je maximálna suma tehotenského štipendia?;Aká je horná hranica tehotenského štipendia?;Aká suma je hornou hranicou tehotenského štipendia?;Aká je najvyššia suma tehotenského štipendia?;;;
340;;Štipendium;;JK;Ako môžem získať tehotenské štipendium?;Ako je možné získať tehotenské štipendium?;V ako prípade môžem získať tehotenské štipendium?;Čo musím robiť aby som získal tehotenské štipendium?;Aké sú kroky ku získaniu tehotenské štipendia?;;;
10;;Študijné programy;I;JO;Aké sú inžinierské študíjne programy?;Aké inžinierské študijné programy sú na FRI?;Aké inžinierské odbory sú na FRI?;Ktoré inžinierské študíjne programy existujú na FRI?;Ktoré inžinierské odbory existujú na FRI?;;;
11;;Študijné programy;B;JO;Aké sú bakalárske študíjne programy?;Aké bakalárske študijné programy sú na FRI?;Aké bakalárske odbory sú na FRI?;Ktoré bakalárske študíjne programy existujú na FRI?;Ktoré bakalárske odbory existujú na FRI?;;;
12;;Študijné programy;D;JO;Aké sú doktorantské študíjne programy?;Aké doktorantské študijné programy sú na FRI?;Aké doktorantské odbory sú na FRI?;Ktoré doktorantské študíjne programy existujú na FRI?;Ktoré doktorantské odbory existujú na FRI?;;;
48;;Študijné programy;;JO;O čom je program Informatika?;Čo sa vyučuje v programe Informatika?;Čo sa vyučuje v odbore Informatika?;Aký je popis študíjneho programu Informatika?;Aký je popis odboru Informatika?;;;
49;;Študijné programy;;JO;O čom je program Manažment?;Čo sa vyučuje v programe Manažment?;Čo sa vyučuje v odbore Manažment?;Aký je popis študíjneho programu Manažment?;Aký je popis odboru Manažment?;;;
50;;Študijné programy;;JO;O čom je program Počítačové Inžinierstvo?;Čo sa vyučuje v programe Počítačové Inžinierstvo?;Čo sa vyučuje v odbore Počítačové Inžinierstvo?;Aký je popis študíjneho programu Počítačové Inžinierstvo?;Aký je popis odboru Počítačové Inžinierstvo?;;;
51;;Študijné programy;;JO;O čom je program Biomedicínske inžinierstvo?;Čo sa vyučuje v programe Biomedicínske inžinierstvo?;Čo sa vyučuje v odbore Biomedicínske inžinierstvo?;Aký je popis študíjneho programu Biomedicínske inžinierstvo?;Aký je popis odboru Biomedicínske inžinierstvo?;;;
52;;Študijné programy;;JO;O čom je program Inteligentné informačné systémy?;Čo sa vyučuje v programe Inteligentné informačné systémy?;Čo sa vyučuje v odbore Inteligentné informačné systémy?;Aký je popis študíjneho programu Inteligentné informačné systémy?;Aký je popis odboru Inteligentné informačné systémy?;;;
56;;Študijné programy;;JO;O čom je program Informačné systémy?;Čo sa vyučuje v programe Informačné systémy?;Čo sa vyučuje v odbore Informačné systémy?;Aký je popis študíjneho programu Informačné systémy?;Aký je popis odboru Informačné systémy?;;;
57;;Študijné programy;;JO;O čom je program Informačný manažment?;Čo sa vyučuje v programe Informačný manažment?;Čo sa vyučuje v odbore Informačný manažment?;Aký je popis študíjneho programu Informačný manažment?;Aký je popis odboru Informačný manažment?;;;
58;;Študijné programy;;JO;O čom je program Aplikované sieťové inžinierstvo.;Čo sa vyučuje v programe Aplikované sieťové inžinierstvo?;Čo sa vyučuje v odbore Aplikované sieťové inžinierstvo?;Aký je popis študíjneho programu Aplikované sieťové inžinierstvo?;Aký je popis odboru Aplikované sieťové inžinierstvo?;;;
294;;Študijné programy;;JK;Kde nájdem nejaké presnejšie informácie k študijným programom na FRI?;Kde je možné nájsť detailný popis študijných programov FRI?;Kde je možné nájsť detailný popis odborov na FRI?;Ako nájdem presnejší popis študijných programov na FRI?;Ako najdem presnejší popis odborov na FRI?;;;
394;;Študijné programy;;AP;Aké študijné programy sú na FRI?;Ktoré študíjne programy sa vyučujú na FRI?;Ktoré odbory sa vyučujú na FRI?;Ktoré študíjne programy existujú na FRI?;Ktoré odbory existujú na FRI?;;;
81;;Študijný referát;;JO, AP;Aké sú úradné hodiny študíjneho referátu?;Do ktorej sú na študijnom referáte?;Kedy je možné príjsť na študíjny referát?;Aké sú úradne hodiny študíjneho referátu?;Kedy môžem navštíviť študíjne oddelenie?;;;
82;;Študijný referát;;JO, AP;Aký je email na študíjny referát?;Ktorý mail slúži na kontakt študíjneho referátu?;Aký je mail na študíjne oddelenie?;Akým mailom môžem kontaktovať študíjny referát?;Akým mailom môžem kontaktovať študíjne oddelenie?;;;
94;;Študijný referát;;JO;Ake je telefonné číslo na študíjny referát?;Ktoré telefónne číslo slúži na kontakt študíjneho referátu?;Aké je telefónne číslo na študíjne oddelenie?;Na ktorom telefonnom čísle môžem kontaktovač študíjny referát?;Ktorým telefónnym číslom môžem kontaktovač študíjne oddelenie?;;;
18;;Štúdium;BID;JO;Kde je možné získať potvrtednie o štúdiu na vysokej škole?;Kde získam potvrdenie o návšteve školy?;Ako je možné získať potvrdenie o návšteve školy?;Kam mám ísť aby som získal potvrdenie o návšteve školy?;Kde získam potvrdenie o návšteve školy?;;;
67;;Štúdium;BID;JO;Aké je hodnotenie študentov?;Ako funguje hodnotenie študentov?;Ako sa hodnotia študenti?;Aké sú hodnotenia študentov?;Čo je to hodnotenie študentov?;;;
219;;Štúdium;;JK;Je možné zmeniť štúdijnú skupinu?;Môžem zmeniť moju študíjnu skupinu?;Je možné zameniť moju študíjnu skupinu?;Ako je možné zmeniť študíjnu skupinu?;Dá sa zmeniť študíjna skupina?;;;
253;;Restricted;;JK;Môžem s vyučujúcim nadviazať citový vzťah?;Môžem chodiť s profesorom?;Je povolené byť vo vzťahu s učiteľom?;Sú povolené vzťahy medzi študentom a vyučujúcim?;Čo so vzťahom s vyučujúcim?;;;
255;;Štúdium;;JK;Môžem požiadať o online preskúšanie v prípade, že sa nemôžem dostaviť?;Je možná skúška online?;Môžem vykonať skúšku online?;Je možné byť skúšaný z domu?;Skúška cez internet?;;;
257;;Senát;;JK;Má FRI študentský senát?;Študentský senát?;Senát na fri?;Je na fri senát?;Máme na FRI senát študentov?;;;
260;;Štúdium;;JK;Je možné študovať na FRI aj keď mám iba výučný list?;Štúdium len s výučním listom?;Čo potrebujem na štúdium na FRI?;Je výučný list dosť na štúdium na FRI?;Stačí mi výučný list na štúdium na FRI?;;;
261;;Štúdium;;JK;Dá sa presmerovať študentský email na iný email?;Môžem si presmerovať študenstký email na môj mail?;Presmerovanie emailov?;Dá sa presmerovať emailová adresa?;Chcem presmerovať poštu z štud. mailu na môj.;;;
264;;Všeobecné;;JK;Potreboval by som potvrdenie o návšteve školy, kde ho nájdem?;Kde nájdem potvrdenie o návšteve školy?;Potvrdenie o navšteve školy?;Chcem potvrdenie o návšteve školy.;Môžem si stiahnut potvrdenie o návšteve?;;;
265;;Všeobecné;;JK;Potreboval by som potvrdenie na rodinné prídavky, kde ho nájdem?;Kde nájdem potvrdenie na rodinné prídavky?;Potvrdenie na rodinné prídavky?;Chcem potvrdenie na rodinné prídavky.;Môžem si stiahnut potvrdenie na prídavky?;;;
279;;Štúdium;;JK;Vyučujúci mi stále nezapísal známku do vzdelávania a na moje správy neodpovedá ako mám postupovať?;Čo robiť pri nezapísaní známky?;Profesor mi neodpovedá a nemám zapísanú známku.;Potrebujem zapísať znamku ale vyučujúci mi neodpisuje.;Nemám zapísanú známku, čo robiť?;;;
281;;Všeobecné;;JK;Som opakujúci študent, chcel by som sa informovať o možnostiach úľav na školnom?;Aké sú možnosti úľav na školné?;Je tu možnosť zmenšenia školného?;Ak opakujem, mám nárok na úľavu školného?;Je tu možnosť zníženia školného?;;;
283;;Štúdium;;JK;Ak som opakujúci študent a 2x som nespravil rovnaký predmet, ale chcem pokračovať musím si podávať novú prihlášku?;Čo robiť keď som už druhý krát nedal predmet?;Nedal som 2 krát predmet čo robiť?;Ak som nezvládol 2 krát predmet, čo dalej?;Nedal som 2 krát predmet, pomoc.;;;
290;;Štúdium;;JK;Podávam si prihlášku k vám na fakukltu, je nutné posielať vytlačenú kópiu alebo stačí elektronická prihláška?;Je potrebné k e-prihláške aj fyzická kópia?;Stačí mi len e-prihláška?;Je nutná fyzická kópia ku prihláške?;Potrebujem fyzickú kópiu prihlášky poslať?;;;
;;Erazmus;;JM;Kto si môže požiadať o erasmus?;Ako sa prihlásiť na erazmus?;Ako sa dostaťna erazmus?;Ako poslať prihlášku na erazmus?;;;;
;;Erazmus;;JM;Potrebujem vedieť aj iný jazyk ako anglicky ak chcem ísť na erasmus?;Je potrebné ovládať na erazme iný jazyk ako anglický?;Aký jazyk musím ovládať pre erazmus?;Aké jazyky musím vedieť ak chcem isť na erazmus?;;;;
;;Erazmus;;JM;Ak som študent 3. ročníka bc. Štúdia môžem ísť na Erasmus+ cez letné prazniny?;Dá sa ísť na erazmus počas letných prázdnin?;Môžem ísť na erazmus cez prázdniny?;Dá sa ísť na erazmus v lete?;;;;
;;Erazmus;;JM;Uznajú mi predmety počas erasmu?;Ako prebieha uznávanie predmetov na erazme?;Sú mi predmety absolvované na erazme uznané?;Rátajú sa mi kredity z erazmu?;Sú mi uznané kredity z pretmetov urobených počas erazmu?;;;
;;Erazmus;;JM;Aka je výška grantu na erasmus?;Koľko dostanem z grantu na erazme?;Koľko je grant na erazme?;Koľko dostanem na erazmus?;Koľko sa platí za erazmus?;;;
;;Erazmus;;JM;Aká je maximalná dĺžka erasmu?;Ako dlho môžem byť ne erazme?;Ako dlho trvá erazmus?;Dĺžka erazmu?;;;;
;;Erazmus;;JM;Kde nájdem prihlášku na erasmus+?;Kde je prihláška na erazmus?;Ako nájdem prihlášku na erazmus?;Kde sa prihlásim na erazmus?;;;;
;;Erazmus;;JM;Čo potrebujem okrem prihlášky na erasmus?;Aké sú pravidlá na prihlásenie na erazmus?;Čo mi treba na erazmus?;Čo je potrebné pre prihlásenie na erazmus?;;;;
;;Erazmus;;JM;Aký je odporúčaný počet kreditov za semester počas erasmu?;Koľko kreditov by som mala dostať počas erazmu?;Aký počet kreditov sa odporúča počas erazmu?;Je odporučený počet kreditov na eramus?;;;;
;;Erazmus;;JM;Kedy mám ísť za vyučujúcim ak chcem uznať predmet počas erasmu?;Ako si uznať predmety za erazmus?;Ako sa uznávajú predmety za erazmus?;Postup uznania predmetov za erazmus?;Ako si uznať kredity za erazmus?;;;
;;Erazmus;;JM;Čo musím doniest vyučujúcemu ak chcem uznať predmet počas erasmu?;Čo potrebuje vyučujúci pre uznanie kreditov za erazmus?;Čo potrebuje profesor pre uznanie predmetu za erazmus?;Ako si uznať kredity za erazmus?;;;;
;;Erazmus;;JM;Kde nájdem žiadosť o uznanie predmetov počas erasmu?;Kde je žiadosť o uznanie kreditov za erazmus?;Ked je žiadosť o uznanie predmotov za erazmus?;Kde je tlačivo na uznanie predmetov za erazmus?;Kde je dokument na uznanie predmetov za erazmus?;;;
;;Erazmus;;JM;Kde všade môžem ísť na erasmus?;Miesta na ktoré môžem ísť na erasmus?;Do ktorých krajín môžem ísť na erasmus?;Ktoré školy môžem navštíviť na erasme?;Čo môžem navštíviť počas erasmu?;;;
;;Erazmus;;JM;Kde nájdem informácie o partnerských školách na erasmus?;Info o partnerských školách na erasmus?;Partnerské školy na erasmus?;Ktoré sú partnerské školy na erasme?;Na aké školy môžem ísť na erasmus?;;;
;;Akademický rok;;JM;Kedy začína akademický rok?;Začiatok akademického roka?;Dátum začiatku akademického roka?;Termín začiatku akademického roka?;Prvý deň akademického roka?;;;
;;Akademický rok;;JM;Kedy je zápis do 1. ročníka bakalárskeho štúdia?;Termín zápisu pre 1. ročníka bakalárskeho štúdia?;Dátum zápisu pre 1. ročníka bakalárskeho štúdia?;Ďen zápisu pre 1. ročníka bakalárskeho štúdia?;Zápis pre 1. ročníka bakalárskeho štúdia?;;;
;;Akademický rok;;JM;Kedy je zápis do 2. ročníka bakalárskeho štúdia?;Termín zápisu pre 2. ročníka bakalárskeho štúdia?;Dátum zápisu pre 2. ročníka bakalárskeho štúdia?;Ďen zápisu pre 2. ročníka bakalárskeho štúdia?;Zápis pre 2. ročníka bakalárskeho štúdia?;;;
;;Akademický rok;;JM;Kedy je zápis do 3. ročníka bakalárskeho štúdia?;Termín zápisu pre 3. ročníka bakalárskeho štúdia?;Dátum zápisu pre 3. ročníka bakalárskeho štúdia?;Ďen zápisu pre 3. ročníka bakalárskeho štúdia?;Zápis pre 3. ročníka bakalárskeho štúdia?;;;
;;Akademický rok;;JM;Kedy je zápis do 1. ročníka inžinierského štúdia?;Termín zápisu pre 1. ročníka inžinierského štúdia?;Dátum zápisu pre 1. ročníka inžinierského štúdia?;Ďen zápisu pre 1. ročníka inžinierského štúdia?;Zápis pre 1. ročníka inžinierského štúdia?;;;
;;Akademický rok;;JM;Kedy je zápis do 2. ročníka inžinierského štúdia?;Termín zápisu pre 2. ročníka inžinierského štúdia?;Dátum zápisu pre 2. ročníka inžinierského štúdia?;Ďen zápisu pre 2. ročníka inžinierského štúdia?;Zápis pre 2. ročníka inžinierského štúdia?;;;
;;Akademický rok;;JM;Kedy je zápis do 1. ročníka doktoranského štúdia?;Termín zápisu pre 1. ročníka doktoranského štúdia?;Dátum zápisu pre 1. ročníka doktoranského štúdia?;Ďen zápisu pre 1. ročníka doktoranského štúdia?;Zápis pre 1. ročníka doktoranského štúdia?;;;
;;Akademický rok;;JM;Kedy je zápis do 2. ročníka doktoranského štúdia?;Termín zápisu pre 2. ročníka doktoranského štúdia?;Dátum zápisu pre 2. ročníka doktoranského štúdia?;Ďen zápisu pre 2. ročníka doktoranského štúdia?;Zápis pre 2. ročníka doktoranského štúdia?;;;
;;Akademický rok;;JM;Kedy je zápis externého štúdia?;Termín zápisu pre externé?;Dátum zápisu pre externé?;Ďen zápisu pre externé štúdium?;Zápis pre externé štúdium?;;;
;;Akademický rok;;JM;Kedy je začiatok vyučovania v zimnom semestri?;Dátum začiatku výučby v zimnom semestri?;Kedy je začiatku vyučby v zime?;Prvý deň výučby v zime?;Začiatok vyučby v zime?;;;
;;Akademický rok;;JM;Dokedy si môžem zaregistrovať zaverečnú prácu v zimnom semestri?;Kedy sa končí registrovanie prác v zimnom semestri?;Posledný deň na registráciu práce v zimnom semestri?;Koniec registrácie prác v zimnom semestri?;Do akého termínu musím registrovať prácu v zimnom semestri?;;;
;;Akademický rok;;JM;Dokedy si môžem podať prihlášku na štátnu skúšku v zimnom semestri?;Kedy sa končí podavanie prihlášiek na štátnu skúšku v zimnom semestri?;Posledný deň na podanie prihlášky na štátnu skúšku v zimnom semestri?;Koniec podávanie prihlášok na štátnu skúšku v zimnom semestri?;Do akého termínu musím podať prihlášku na štátnu skúšku v zimnom semestri?;;;
;;Akademický rok;;JM;Kedy sa končí vyučovanie v zimnom semestry?;Dátum konca výučby v zimnom semestri?;Kedy je koniec vyučby v zime?;Posledný deň výučby v zime?;Koniec vyučby v zime?;;;
;;Akademický rok;;JM;Kedy začína skúškové obdobie v zimnom semstry?;Kedy je začiatok skúškového v zime?;Začiatok skúškoveho v zimnom semestri kedy?;Zimnný semester dátum začiatok skúškoveho je?;Kedy je prvý den skúškoveho v zimnom semestri?;;;
;;Akademický rok;;JM;Kedy sa konajú štátne skúšky v zimnom semestry?;Dátum štátnej skúšky v zime je kedy?;Deň štátnej skúšky v zime?;Kedy bude štátna skúška v zime?;Kedy je štátna skúška v zime?;;;
;;Akademický rok;;JM;Kedy končí skúškové obdobie v zimnom semstry?;Kedy je koniec skúškového v zime?;Koniec skúškoveho v zimnom semestri kedy?;Zimný semester dátum konca skúškoveho je?;Kedy je posledný den skúškoveho v zimnom semestri?;;;
;;Akademický rok;;JM;Kedy začína vyučovanie v letnom semestri?;Dátum začiatku výučby v letnom semestri?;Kedy je začiatku vyučby v lete?;Prvý deň výučby v lete?;Začiatok vyučby v lete?;;;
;;Akademický rok;;JM;Dokedy si môžem zaregistrovať zaverečnú prácu v letnom semestri?;Kedy sa končí registrovanie prác v letnom semestri?;Posledný deň na registráciu práce v letnom semestri?;Koniec registrácie prác v letnom semestri?;Do akého termínu musím registrovať prácu v letnom semestri?;;;
;;Akademický rok;;JM;Dokedy si môžem podať prihlášku na štátnu skúšku v letnom semestri?;Kedy sa končí podavanie prihlášiek na štátnu skúšku v letnom semestri?;Posledný deň na podanie prihlášky na štátnu skúšku v letnom semestri?;Koniec podávanie prihlášok na štátnu skúšku v letnom semestri?;Do akého termínu musím podať prihlášku na štátnu skúšku v letnom semestri?;;;
;;Akademický rok;;JM;Kedy sa končí vyučovanie v letnom semestri?;Dátum konca výučby v letnom semestri?;Kedy je koniec vyučby v lete?;Posledný deň výučby v lete?;Koniec vyučby v lete?;;;
;;Akademický rok;;JM;Kedy začína skúškové obdobie v letnom semestri?;Kedy je začiatok skúškového v lete?;Začiatok skúškoveho v letnom semestri kedy?;Letný semester dátum začiatok skúškoveho je?;Kedy je prvý den skúškoveho v letnom semestri?;;;
;;Akademický rok;;JM;Kedy sa konajú štátne skúšky v letnom semestri?;Dátum štátnej skúšky v lete je kedy?;Deň štátnej skúšky v lete?;Kedy bude štátna skúška v lete?;Kedy je štátna skúška v lete?;;;
;;Akademický rok;;JM;Kedy končí skúškové obdobie v letnom semestri?;Kedy je koniec skúškového v lete?;Koniec skúškoveho v letnom semestri kedy?;Letný semester dátum konca skúškoveho je?;Kedy je posledný den skúškoveho v letnom semestri?;;;
;;Akademický rok;;JM;Posledný termin na podatie prihlášky?;Kedy najneskôr môžem podať prihlášku?;Aký je posledný dátum podania prihlášky?;Do kedy je potrebné podať prihlášku?;Do kedy sapodávajú prihlášky?;;;
;;Akademický rok;;JM;Začiatok výberu voliteľných a povinne voliteľných predmetov?;Kedy začína výber povinne voliteľných a voliteľných predmetov?;Kedy si môžem vybrať povinne voliteľné predmety?;Kedy je výber voliteľných predmetov?;Kedy sa začínajú vyberať povinne voliteľné a voliteľné predmety?;;;
;;Akademický rok;;JM;Koniec výberu voliteľných a povinne voliteľných predmetov?;Kedy končí výber povinne voliteľných a voliteľných predmetov?;Do kedy si môžem vybrať povinne voliteľné predmety?;Do kedy je výber voliteľných predmetov?;Kedy sa koniec výberu povinne voliteľných a voliteľných predmetov?;;;
;;Akademický rok;;JM;Dokedy musím odovzdať vedúcemu inžinierskú záverečnú prácu?;Aký je najneskorší termín odovzdania diplomovej práce vedúcemu?;Kedy musím najneskôr odovzdať diplomovú prácu vedúcemu práce?;Do kedy je treba odovzdať inžiniersku prácu vedúcemu?;Kedy najneskôr musím odovzdať inžiniersku prácu vedúcemu práce?;;;
;;Akademický rok;;JM;Dokedy musím odovzdať inžinierskú prácu celkovo?;Aký je najneskorší termín odovzdania diplomovej práce?;Kedy musím najneskôr odovzdať diplomovú prácu?;Do kedy je treba odovzdať inžiniersku prácu?;Kedy najneskôr musím odovzdať inžiniersku prácu?;;;
;;Akademický rok;;JM;Kedy je posledný termin na uzatvorenie bakalárskeho 1. ročníka?;Do kedy si musím uzatvoriť 1. bakalársky ročník?;Kedy si najneskôr musím uzatvoriť prvý ročník bakalárskeho stupňa?;Do kedy je potrebné uzatvoriť prvý ročník na bakalárovi?;Do kedy je možné uzatvorenie prvého ročníka bakalárskeho stupňa?;;;
;;Akademický rok;;JM;Kedy je posledný termin na uzatvorenie bakalárskeho 2. ročníka?;Do kedy si musím uzatvoriť 2. bakalársky ročník?;Kedy si najneskôr musím uzatvoriť druhý ročník bakalárskeho stupňa?;Do kedy je potrebné uzatvoriť druhý ročník na bakalárovi?;Do kedy je možné uzatvorenie druhého ročníka bakalárskeho stupňa?;;;
;;Akademický rok;;JM;Kedy je posledný termin na uzatvorenie bakalárskeho 3. ročníka?;Do kedy si musím uzatvoriť 3. bakalársky ročník?;Kedy si najneskôr musím uzatvoriť tretí ročník bakalárskeho stupňa?;Do kedy je potrebné uzatvoriť posledný ročník na bakalárovi?;Do kedy je možné uzatvorenie tretieho ročníka bakalárskeho stupňa?;;;
;;Akademický rok;;JM;Kedy je posledný termin na uzatvorenie inžinierského 1. ročníka?;Do kedy si musím uzatvoriť 1. inžiniersky ročník?;Kedy si najneskôr musím uzatvoriť prvý ročník inžinierskeho stupňa?;Do kedy je potrebné uzatvoriť prvý ročník na inžinierovi?;Do kedy je možné uzatvorenie prvého ročníka inžinierskeho stupňa?;;;
;;Akademický rok;;JM;Kedy je posledný termin na uzatvorenie inžinierského 2. ročníka?;Do kedy si musím uzatvoriť 2. inžiniersky ročník?;Kedy si najneskôr musím uzatvoriť posledný ročník inžinierskeho stupňa?;Do kedy je potrebné uzatvoriť druhý ročník na inžinierovi?;Do kedy je možné uzatvorenie posledného ročníka inžinierskeho stupňa?;;;
;;Akademický rok;;JM;Kedy budú promócie ?;Aký je termín promócií?;Kedy sa uskutočnia promócie?;Kedy bude dátum promócií?;Kedy sa konajú promócie?;;;
;;Akademický rok;;JM;Kedy má FRI výročie?;Aký je termín výročia fakulty?;Kedy má fakulta riadenia a informatiky výročie?;Aký je dátum výročia fakulty?;Kedy je výročie našej fakulty?;;;
;;Akademický rok;;JM;Kedy je ukončenie akademického roka?;Kedy končí akademický rok?;Aký je dátum konca akademického roka?;Kedy je koniec akademického roka?;Aký termín má ukončenie akademického roka?;;;
;;Štúdium;;JM;Kedy sú imatrikulácie?;Kedy sa konajú imatrikulácie?;Aký je termín imatrikulácií?;Kedy sa uskutočnia imatrikulácie?;Aký je dátum imatrikulácií?;;;
;;Štúdium;;JM;Sú povinné imatrikulácie?;Musím sa účastniť imatrikulácií?;Musím prísť na imatrikulácie?;Je povinnosť sa dostaviť na imatrikulácie?;Je účasť na imatrikuláciach povinná?;;;
;;Akademický rok;;JM;Kedy je zápis do ročníka?;Kedy sa uskutoční zápis do ročníka?;Aký je termín zápisu do ročníka?;Kedy sa mám prísť zapísať do ročníka?;Kedy je dátum zápisu do ročníka?;;;
;;Akademický rok;;JM;Je možnosť zápisu online?;Je možné sa zapísať do ročníka online?;Je možný zápis do ročníka online?;Môžem sa zapísať do ročníka online?;Smiem sa zúčastniť zápisu do ročníka online?;;;
;;Štúdium;;JM;Aké predmety si musim zapísať?;Ktoré predmety je nutné si zapísať?;Ktoré predmety si treba zapísať?;Aké predmety si mám zapísať?;Aké predmety si je povinné zapísať?;;;
;;Miestnosť;;JM;Kde je miestnosť?;Kde sa nachádza miestnosť?;Kde nájdem miestnosť?;Kde je kancelária?;Kde sa nachádza kancelária?;;;
;;Miestnosť;;JM;Kde je budova?;Kde sa nachádza budova?;Kde nájdem budovu?;;;;;
;;Štipendium;;JM;Mam prístup k štipendiu?;Môžem získať štipendium?;Mám nárok na štipendium?;Je možné dostať štipendium?;Môžem dostať štipendium?;;;
;;Štúdium;;JM;Čo robiť pri stráte hesla?;Čo je potrebné urobiť pri strate hesla?;Ako postupovať pri strate hesla?;Ako mám konať keď zabudnem heslo?;Čo mám robiť ak som zabudol heslo?;;;
;;ISIC;;JM;Ako si vybaviť isic?;Ako si vybavím preukaz študenta?;Ako si zaobstarám ISIC?;Akým spôsobom si zaistím preukaz študenta?;Akým spôsobom si vybaviť ISIC?;;;
;;Štúdium;;JM;Da sa zmeniť zameranie na začiatku akademického roka?;Je možné zmeniť odbor na začiatku roka?;Môžem si zmeniť zameranie na začiatku roka?;Môžem prestúpiť na iný odbor na začiatku akademického roka?;Je možné zmeniť štúdijný program v prvom semestri?;;;
;;Akcie;;JM;Čo je to fričkovica?;Kedy je fričkovica?;Ako vyzerá fričkovica?;Čo sa robí na fričkovici?;Z čoho pozostáva fričkovica?;;;
;;Štúdium;;JM;Aké mám povinné predmety?;Kde nájdem svoje povinné predmety?;Aké mám mať povinné predmety?;Aké povinné predmety mám zapísané?;Kde sú všetky povinné predmety?;;;
;;Štúdium;;JM;Aké mám povinné volitelné predmety?;Kde nájdem svoje povinne voliteľné predmety?;Aké mám mať povinne voliteľné predmety?;Aké povinne voliteľné predmety si mám zapísať?;Kde sú všetky povinne voliteľné predmety?;;;
;;Štúdium;;JM;Aké mám volitelné predmety?;Kde nájdem svoje voliteľné predmety?;Aké mám mať voliteľné predmety?;Aké voliteľné predmety si mám zapísať?;Kde sú všetky voliteľné predmety?;;;
;;Kredity;;;Koľko kreditov potrebujem z povinne voliteľných predmetov v bakalarskom štúdiu v odbore Počítačové inžinierstvo?;Koľko kreditov z povinne voliteľných predmetov potrebujem pre zameranie Počítačové inžinierstvo?;Aký je minimálny počet kreditov z povinne voliteľných predmetov pre odbor Počítačové inžinierstvo v bakalárskom stupni?;Aspoň koľko kreditov musí mať pre štúdijný program Počítačové inžinierstvo? ;Koľko kreditov z povinne voliteľných predmetov potrebujem pre štúdijný program Počítačové inžinierstvo? ;;;
;;Kredity;;;Koľko kreditov potrebujem z povinne voliteľných predmetov v bakalarskom štúdiu v odbore Manažment?;Koľko kreditov z povinne voliteľných predmetov potrebujem pre zameranie Manažment?;Aký je minimálny počet kreditov z povinne voliteľných predmetov pre odbor Manažment?;Aspoň koľko kreditov musí mať pre štúdijný program Manažment? ;Koľko kreditov z povinne voliteľných predmetov potrebujem pre štúdijný program Manažment? ;;;
;;Kredity;;;Koľko kreditov potrebujem z povinne voliteľných predmetov v bakalarskom štúdiu v odbore Informačné a sieťové technológie?;Koľko kreditov z povinne voliteľných predmetov potrebujem pre zameranie Informačné a sieťové technológie?;Aký je minimálny počet kreditov z povinne voliteľných predmetov pre odbor Informačné a sieťové technológie?;Aspoň koľko kreditov musí mať pre štúdijný program Informačné a sieťové technológie? ;Koľko kreditov z povinne voliteľných predmetov potrebujem pre štúdijný program Informačné a sieťové technológie? ;;;
;;Kredity;;;Koľko kreditov potrebujem z povinne voliteľných predmetov v bakalarskom štúdiu v odbore Informatika a riadenie?;Koľko kreditov z povinne voliteľných predmetov potrebujem pre zameranie Informatika a riadenie?;Aký je minimálny počet kreditov z povinne voliteľných predmetov pre odbor Informatika a riadenie?;Aspoň koľko kreditov musí mať pre štúdijný program Informatika a riadenie? ;Koľko kreditov z povinne voliteľných predmetov potrebujem pre štúdijný program Informatika a riadenie? ;;;
;;Kredity;;JM;Koľko kreditov potrebujem z povinne voliteľných predmetov v bakalarskom štúdiu v odbore Informatika?;Koľko kreditov z povinne voliteľných predmetov potrebujem pre zameranie Informatika?;Aký je minimálny počet kreditov z povinne voliteľných predmetov pre odbor Informatika?;Aspoň koľko kreditov musí mať pre štúdijný program Informatika? ;Koľko kreditov z povinne voliteľných predmetov potrebujem pre štúdijný program Informatika? ;;;
;;Kredity;;JM;Koľko kreditov potrebujem z povinne voliteľných predmetov inžinierskom štúdiu v odbore Informačné systémy?;Koľko kreditov z povinne voliteľných predmetov potrebujem pre zameranie Informačné systémy?;Aký je minimálny počet kreditov z povinne voliteľných predmetov pre odbor Informačné systémy?;Aspoň koľko kreditov musí mať pre štúdijný program Informačné systémy? ;Koľko kreditov z povinne voliteľných predmetov potrebujem pre štúdijný program Informačné systémy? ;;;
;;Kredity;;JM;Koľko kreditov potrebujem z povinne voliteľných predmetov inžinierskom štúdiu v odbore Biomedicínska informatika?;Koľko kreditov z povinne voliteľných predmetov potrebujem pre zameranie Biomedicínska informatika?;Aký je minimálny počet kreditov z povinne voliteľných predmetov pre odbor Biomedicínska informatika?;Aspoň koľko kreditov musí mať pre štúdijný program Biomedicínska informatika? ;Koľko kreditov z povinne voliteľných predmetov potrebujem pre štúdijný program Biomedicínska informatika? ;;;
;;Kredity;;JM;Koľko kreditov potrebujem z povinne voliteľných predmetov inžinierskom štúdiu v odbore Inteligentné informačné systémy ?;Koľko kreditov z povinne voliteľných predmetov potrebujem pre zameranie Inteligentné informačné systém?;Aký je minimálny počet kreditov z povinne voliteľných predmetov pre odbor Inteligentné informačné systém?;Aspoň koľko kreditov musí mať pre štúdijný program Inteligentné informačné systém? ;Koľko kreditov z povinne voliteľných predmetov potrebujem pre štúdijný program Inteligentné informačné systém? ;;;
;;Kredity;;JM;Koľko kreditov potrebujem z povinne voliteľných predmetov inžinierskom štúdiu v odbore Počítačové inžinierstvo?;Koľko kreditov z povinne voliteľných predmetov potrebujem pre zameranie Počítačové inžinierstvo?;Aký je minimálny počet kreditov z povinne voliteľných predmetov pre odbor Počítačové inžinierstvo?;Aspoň koľko kreditov musí mať pre štúdijný program Počítačové inžinierstvo? ;Koľko kreditov z povinne voliteľných predmetov potrebujem pre štúdijný program Počítačové inžinierstvo pre inžiniersky stupeň? ;;;
;;Kredity;;JM;Koľko kreditov potrebujem z povinne voliteľných predmetov inžinierskom štúdiu v odbore Informačný manažment?;Koľko kreditov z povinne voliteľných predmetov potrebujem pre zameranie Informačný manažment?;Aký je minimálny počet kreditov z povinne voliteľných predmetov pre odbor Informačný manažment?;Aspoň koľko kreditov musí mať pre štúdijný program Informačný manažment? ;Koľko kreditov z povinne voliteľných predmetov potrebujem pre štúdijný program Informačný manažment? ;;;
;;Kredity;;JM;Koľko kreditov potrebujem z povinne voliteľných predmetov inžinierskom štúdiu v odbore Aplikované sieťové inžinierstvo?;Koľko kreditov z povinne voliteľných predmetov potrebujem pre zameranie Aplikované sieťové inžinierstvo?;Aký je minimálny počet kreditov z povinne voliteľných predmetov pre odbor Aplikované sieťové inžinierstvo?;Aspoň koľko kreditov musí mať pre štúdijný program Aplikované sieťové inžinierstvo? ;Koľko kreditov z povinne voliteľných predmetov potrebujem pre štúdijný program Aplikované sieťové inžinierstvo? ;;;
;;Kredity;;JM;Koľko kreditov potrebujem na ukončenie bakalárskeho štúdia?;Koľko kreditov potrebujem za bakalárske štúdium?;Aký je minimálny počet kreditov z predmetov za bakalársky stupeň?;Aspoň koľko kreditov musím mať z bakalárskeho stupňa? ;Koľko kreditov musím mať pre ukončenie bakalárskeho štúdia? ;;;
;;Kredity;;JM;Koľko kreditov potrebujem na ukončenie inžinierského štúdia?;Koľko kreditov potrebujem za inžinierske štúdium?;Aký je minimálny počet kreditov z predmetov za inžiniersky stupeň?;Aspoň koľko kreditov musím mať z inžinierskeho stupňa? ;Koľko kreditov musím mať pre ukončenie inžinierskeho štúdia? ;;;
;;Kredity;;JM;Koľko kreditov potrebujem z voliteľných predmetov v bakalarskom štúdiu?;Koľko kreditov potrebujem z voliteľných predmetov pre bakalárske štúdium?;Aký je minimálny počet kreditov z voliteľných predmetov pre bakalársky stupeň?;Aspoň koľko kreditov musím mať z voliteľných predmetov z bakalárskeho stupňa? ;Koľko kreditov musím mať z voliteľných predmetov pre ukončenie bakalárskeho štúdia? ;;;
;;Kredity;;JM;Koľko kreditov potrebujem z voliteľných predmetov inžinierskom štúdiu?;Koľko kreditov potrebujem z voliteľných predmetov pre inžinierske štúdium?;Aký je minimálny počet kreditov z voliteľných predmetov pre inžiniersky stupeň?;Aspoň koľko kreditov musím mať z voliteľných predmetov z inžinierskeho stupňa? ;Koľko kreditov musím mať z voliteľných predmetov pre ukončenie inžinierskeho štúdia? ;;;
;;Štúdium;;JM;Musím opakovať povinný predmet ked som dostal Fx?;Je potrebné opakovať povinný predmet ak bol ohodnotený známkou nedostatočne?;Je nutné znova robiť povinný predmet ak som dostal Fx?;Budem musieť opakovať povinný predmet ak som z neho mal známku Fx?;Bude treba znova opakovať povinný predmet ak som dostal Fx?;;;
;;Štúdium;;JM;Musím opakovať povinne voliteľný predmet?;Je potrebné opakovať povinne voliteľný predmet ak bol ohodnotený známkou nedostatočne?;Je nutné znova robiť povinne voliteľný predmet ak som dostal Fx?;Budem musieť opakovať povinne voliteľný predmet ak som z neho mal známku Fx?;Bude treba znova opakovať povinne voliteľný predmet ak som dostal Fx?;;;
;;Štúdium;;JM;Musím opakovať voliteľný predmet?;Je potrebné opakovať voliteľný predmet ak bol ohodnotený známkou nedostatočne?;Je nutné znova robiť voliteľný predmet ak som dostal Fx?;Budem musieť opakovať voliteľný predmet ak som z neho mal známku Fx?;Bude treba znova opakovať voliteľný predmet ak som dostal Fx?;;;
;;Štúdium;;JM;Koľko krát môžem opakovať predmet?;Koľko ráz je možné opakovať predmet?;Môžem predmet opakovať viackrát?;Koľko pokusov mám na urobenie predmetu?;Koľko ráz smiem opakovať predmet?;;;
;;Štúdium;;JM;Je limit koľko predmetov možem nezvládnuť?;Je maximálny počet predmetov, ktoré môžem opakovať?;Koľko môžem mximálne preniesť predmetov?;Aký je limit prenesených predmetov?;Aké je maximálne číslo predmetov ktoré opakujem?;;;
;;;;;Aký priemer známok potrebujem na červený diplom na bakalárskom štúdiu?;Ako môžem získať štúdium s vyznamenaním na 1. stupni?;S akým priemerom získam červený diplom na bakalárskom stupni?;Aký priemer potrebujem na červený diplom na 1. stupni?;Čo potrebujem na štúdium s vyznamenaním na bakalárovi?;;;
;;Štúdium;;JM;Aký priemer známok potrebujem na červený diplom na inžinierskom štúdiu?;Ako môžem získať štúdium s vyznamenaním na 2. stupni?;S akým priemerom získam červený diplom na inžinierskom stupni?;Aký priemer potrebujem na červený diplom na 2. stupni?;Čo potrebujem na štúdium s vyznamenaním na inžinierovi?;;;
;;Štúdium;;JM;Koľko kreditov potrebujem na prejdenie do ďalšieho ročníka?;Aký je minimálny počet kreditov za akademický rok?;Je minimálny počet kreditov pre postup do vyššieho ročníka?;Aspoň koľko kreditov potrebujem za akademický rok?;;;;
;;Parkovanie;;JM;Ako študent musím platiť parkovanie pred fakultou?;Je potrebné platiť parkovné na fakulte ked som študent?;Musia študenti platiť parkovné pred fakultou?;Musí študent platiť za parkovanie pred fakultou?;;;;
;;Internát;;JM;Kedy mám nárok na ubytovanie na internátoch?;Kedy má študent nárok na ubytovanie na internátoch?;Za akých podmienok dostanem ubytovanie na internátoch?;Aké sú pravidlá pre získanie ubytovania na internáte?;Kedy môžem dostať izbu na internáte?;;;
;;Internát;;JM;Ako požiadať o ubytovanie na internátoch?;Akým spôsobom viem požiadať o ubytovanie?;Ako študent žiada o pridelenie izby na internáte?;Ako požiadam o pridelenie izby?;Ako podám žiadosť o pridelenie izby na internáte?;;;
;;Prihláška;;JM;Musím mať prihlášku potvrdenú zo strednej školy?;Je potrebné mať potvrdenú prihlášku strednou školou?;Je nútné potvrdenie prihlášky od strednej školy?;Musí mi stredná škola potvrdiť prihlášku?;Je potrebné aby mi stredná škola potvrdila prihlášku?;;;
;;Prihláška;;JM;Potrebujem na prihlášku vysvedčenie zo strednej školy?;Je potrebné k prihláške pridať vysvedčenie zo strednej školy?;Je k prihláške potrebná ako príloha vysvedčenie zo strednej školy?;Musím k prihláške priložiť vysvedčenie zo strednej školy?;Je nutné dať k prihláške vyzvedčenie zo strednej?;;;
;;Prihláška;;JM;Potrebujem na prihlášku vysvedčenie zo základnej školy?;Je potrebné k prihláške pridať vysvedčenie zo základnej školy?;Je k prihláške potrebná ako príloha vysvedčenie zo základnej školy?;Musím k prihláške priložiť vysvedčenie zo základenj školy?;Je nutné dať k prihláške vyzvedčenie zo základnej?;;;
;;Prihláška;;JM;Môžem prihlášku odfotiť mobilom namiesto naskenovania?;Môžem prihlášku odfotiť a poslať?;Môžem poslať fotku prihlášky?;Musí byť prihláška oskenovaná?;Je nutné poslať oskenovanú prihlášku?;;;
;;Prihláška;;JM;Potrebujem potvrdenie o zaplatení prihlášky?;Je nutné priložiť potvrdenie o zaplatení prihlášky?;K prihláške je potrebné poslať aj potvrdenie o zaplatení?;Musím s prihláškou poslať aj potvrdenie o zaplatení?;Potvredenie o zaplatení je treba poslať s prihláškou?;;;
;;Prihláška;;JM;Potrebujem na prihlášku maturitné vysvedčenie?;Je k prihláške nutné priložiť maturitné vysvedčnie?;Musím dať k prihláške aj maturitné vysvedčenie?;Musím poslať z prihláškou maturotné vysvedčenie?;Je potrebné aby som poslala s prihláškou aj maturitné vysvedčenie?;;;
;;Prihláška;;JM;Potrebujem overiť maturitné vysvedčenie notárom?;Musí byť maturitné vysvedčenie overené notárom?;Maturitné vysvedčenie priložené k prihláške musí byť overené notárom?;Je potrebné aby bolo maturitné vysvedčenie norátsky overené? ;Musí byť priložené maturitné vysvedčenie notársky overené?;;;
;;Prihláška;;JM;Potrebujem overiť vysvedčenie z predmaturitného ročníka notárom?;Musí byť predmaturitné vysvedčenie overené notárom?;Predaturitné vysvedčenie priložené k prihláške musí byť overené notárom?;Je potrebné aby bolo predmaturitné vysvedčenie norátsky overené? ;Musí byť priložené predmaturitné vysvedčenie notársky overené?;;;
;;;;;Čo potrebujem na odpustenie príjmacích skúšok na bakalárskom štúdiu?;Aké sú podmieny odpustenie prímacej skúšky na bakalárskom štúdiu?;Kedy nemusím robiť prijímacie skúšky na bakalárskom štúdiu?;Za akých podmienok sa neusím zúčastniť prijímacích skúšok na bakalárskom štúdiu?;Kedy nemusím robiť prijímacie skúšky na bakalárskom štúdiu?;;;
;;Prihláška;;JM;Čo potrebujem na odpustenie príjmacích skúšok na inžinierskom štúdiu?;Aké sú podmieny odpustenie prímacej skúšky na inžinierskom štúdiu?;Kedy nemusím robiť prijímacie skúšky na inžinierskom štúdiu?;Za akých podmienok sa neusím zúčastniť prijímacích skúšok  na inžinierskom štúdiu?;Kedy nemusím robiť prijímacie skúšky  na inžinierskom štúdiu?;;;
;;ISIC;;JM;Dokedy je tento rok platný ISIC?;Aká je platnosť ISICU?;Ako dlho platí isic;Do kedy môžem používaž isic?;Môžem používať isic aj cez prázdniny?;;;
;;Poplatky;;JM;Aká je výška školného za školský rok?;Koľko sa platí školné pri prekročení štandardenj doby štúdia?;Koľko sa platí školné?;Koľko platím školné pri predĺžení štúdia?;Aká je výška školného pri predĺžení štúdia?;;;
;;Poplatky;;JM;Koľko rokov nemusím platiť za bakalárske štúdium?;Koľko rokov je štúdium pre na bakalárskom stupni bezplatné?;Koľko rokov je štúdium na prvom stupni zadarmo?;Ako dlho nemusím platiť školné na 1. stupni?;Koľko rokov sa neplatí školné na bakalárskom stupni?;;;
;;Poplatky;;JM;Koľko rokov nemusím platiť za inžinierské štúdium?;Koľko rokov je štúdium pre na inžinierskom stupni bezplatné?;Koľko rokov je štúdium na druhom stupni zadarmo?;Ako dlho nemusím platiť školné na 2. stupni?;Koľko rokov sa neplatí školné na inžinierskom stupni?;;;
;;Poplatky;;JM;Koľko rokov nemusím platiť za doktoranské štúdium?;Koľko rokov je štúdium pre na doktorantskom stupni bezplatné?;Koľko rokov je štúdium na treťom stupni zadarmo?;Ako dlho nemusím platiť školné na 3. stupni?;Koľko rokov sa neplatí školné na doktorantskom stupni?;;;
;;Štipendium;;JM;Môžem mať štipendium počas bakalárskeho štúdia?;Aké štipendium môžem získať na prvom stupni?;Aké sú štipendiá na 1. stupni?;Môžem získať štipendium na bakalárskom stupni?;Sú na bakalárskom štúdiu štipendiá?;;;
;;Štipendium;;JM;Môžem mať štipendium počas inžinierského štúdia?;Aké štipendium môžem získať na druhom stupni?;Aké sú štipendiá na 2. stupni?;Môžem získať štipendium na inžinierskom stupni?;Sú na inžinierskom štúdiu štipendiá?;;;
;;Štipendium;;JM;Aké sú pravidlá pre vyplatenie štipendia?;Za akých podmienok dostanem štipendium?;Aké sú podmienky pre získanie štipendia?;Kedy môžem získať štipendium?;;;;
;;Miestnosť;;JM;Môžem si zarezervovať učebňu?;Za akých podmienok si môžem rezervovať účebňu?;Ako si môžem rezervovať učebňu?;Kde môžem urobiť rezerváciu miestnosti??;Ako si môžem obsadiť miestnosť?;;;
;;Miestnosť;;JM;Kde môžem vidieť ktoré učebne sú už zarezervované?;Kde zistím dostupnosť učebne?;Ako môžem zistiť či je miestnosť voľná?;Kde zistím či je miestnosť rezervovaná?;Ako sa dozviem či je učebňa rezervovaná?;;;
;;Miestnosť;;JM;Kde si môžem zarezervovať učebňu?;Ako si môžem obsadiť miestnosť?;Ako sa rezervuje miestnosť?;Ako sa rezervuje učebňa?;;;;
;;Predmet;;;Prečo si neviem zapísať niektorý predmet. ;Z akých dôvodov nie je možné si zapísať predmet?;Prečo sa mi nedá zapísať predmet?;Prečo mi nie je dostupný predmet?;Prečo mi nefunguje zapísanie predmetu?;;;
;;Štúdium;;;Je možné elektronicky poslať potvrdenie o návšteve školy.;Môžu mi poslať potvrdenie o návšteve školy elektronicky?;Dá sa poslať potvrdenie o návšteve školy emailom?;Je možné dostať potvrdenie o návšteve školy mailom?;Dá sa poslať oskenované potvrdenie o návšteve školy?;;;
;;Kredity;;;Budú mi po zmene fakulty rátané kredity z predošlého štúdia?;Uznávajú sa kredity po zmene fakulty?;Ak zmením fakultu budú sa mi rátať kredity?;Sú po zmene fakulty počítané kredity?;Sú uznané kredity aj prestúpim z inej fakulty?;;;
;;Štúdium;;;Je možnosť zmeniť študijnú skupinu?;Môžem si zmeniť štúdijnú skupinu?;Dá sa vymeniť štúdijná skupina?;Viem si premeniť štúdijnú skupinu?;Môžem si prehodiť štúdijnú skupinu?;;;
;;Poplatky;;;Ako postupovať pri platení školného pri prekročení štandardnej doby štúdia.;Ako zaplatiť školné?;Aký je postup pri platení školného?;Aké sú kroky pri platení školného pri prekročení standardnej doby štúdia?;Aký je spôsob zaplatenie školného?;;;
;;Štúdium;;;Môžem poslať potvrdenie o praxi priamo do Teamsu?;Je možné poslať potvrdenie o praxi na MS teams?;Môžem poslať scan potvrdenia o praxi na mail?;Je možné zaslať potvrdenia o praxi elektronicky?;;;;
;;Predmet;;;Môžem si zapísať predmet, ktorý nebol otvorený pre môj odbor.;Je možné mať predmet, ktorý nie je pre môj odbor?;Je možné absolvovať predmet, ktorý nie je pre pridelený môjmu štúdijnému programu?;Dá sa zapísať predmet, ktorý nie je určený môjmu odboru?;Dá sa mať predmet ktorý nie je pre môj štúdijný program?;;;
;;Všeobecné;;;Musím sa po štátnej skúške zapísať na úrad práce?;Je potrebné sa ohlásiť na úrade práce po štátnej skúške?;Musím sa ísť zapísať na úrad ked ukončím štúdium?;Je potrebné ísť na úrad práce po skončení štúdia?;Musím ísť na úrad práce po štátnej skúške?;;;
;;Štúdium;;;Môžem tlačivo o praxi poslať elektronicky?;Je možné poslať tlačivo o praxi mailom?;Dá sa poslať tlačivo o vykonaní praxe elektronicky?;Môžem na mail poslať oskenované tlačivo o praxi?;Dá sa poslať potvrdenie o praxi elektronicky?;;;
;;Štúdium;;;"Je potrebné poslať scan karty o zanechaní štúdia?";Musím poslať kartu o zanechaní štúdia?;Je potrebné odovzdať scan karty o zanechaní štúdia?;Je nutné poslať dokument karty o zanechaní štúdia?;;;;
;;Štúdium;;;Je možné elektronicky poslať potvrdenie o návšteve školy.;Je možné poslať tlačivo o návšteve školy mailom?;Dá sa poslať potvrdenie o návšteve školy elektronicky?;Môžem na mail poslať oskenované tlačivo o návšteve školy?;Dá sa poslať dokument o návšteve školy elektronicky?;;;
;;Predmet;;;Je možné ma dopísať na predmet aj keď kapacita už je obsadená;Môžem sa zapísať na predmet s plnou kapacitou?;Je možné si zapísať predmet na ktorom ja plná kapacita?;Je možné si navoliť predmet kde je kapacita už naplnená?;Smiem si zvoliť predmet kde ja obsadenosť plná? ;;;
;;Poplatky;;;Musím platiť plnú sumu školného v prípade že, mám v medziročníku len bakalársku prácu? ;Musím platiť plnú sumu školného ak mám len bakalársku prácu?;Musím zaplatiť školné v plnej výške ak mi ostáva len bakalárska práca?;Ked mám v medziročníku len bakalársku prácu musím platitť školné?;;;;
;;Štúdium;;;Dá sa po polroku prestúpiť na iný študijný odbor?;Môžem prestúpiť na iný odbor v druhom semestri?;Môžem si zmeniť odbor v letnom semestri?;Je možné si zmeniť štúdijný program v druhom semestri?;Dá sa prestúpiť na iný štúdijný program v letnom semestri?;;;
;;Predmet;;;Je možné uznať predmet z inej univerzity?;Dajú sa uznať predmety z inej vysokej školy?;Ja možné dostať kredity za predmety po prestupe z inej univerzity?;Dá sa uznať predmet pri prestupe z vysokej školy?;;;;
;;Kredity;;;Je nejaká povinnosť minimálneho počtu kreditov za daný semester?;Minimálny počet kreditov za semester?;Musím mať počet kreditov počas semestra?;Minimálne množstvo kreditov?;;;;
;;Poplatky;;;je možné požiadať o úľavu školného?;Dá sa znížiť výška školného?;je možné získať úľavu zo školného?;Dá sa zmenšiť suma školného?;;;;
;;Štúdium;;;je možné požiadať o komisionálne preskúšanie z predmetu?;Dá sa robiť komisionálne presmkúšanie z predmetu?;Môžem požiadať o komisionálky z predmetu?;Je možná komisionálna skúška z predmetu?;;;;
;;Kredity;;;Koľko kreditov potrebujem na bakalárske štúdium?;Počet kreditov za bakalárske štúdium?;Aký počet kreditov je nutný za bakalársky stupeň?;Koľko kreditov treba na prvý stupeň?;Aký počet kreditov je potrebný pre 1. stupeň?;;;
;;Kredity;;;Koľko potrebujem kreditov pre ukončenie inžinierskeho štúdia? ;Počet kreditov za inžinierske štúdium?;Aký počet kreditov je nutný za inžiniersky stupeň?;Koľko kreditov treba na druhý stupeň?;Aký počet kreditov je potrebný pre 2. stupeň?;;;
;;Prijímačky;;;Je potrebné prijímacie konanie na inžinierske štúdium ak som študoval na tej istej fakulte na bakalárskom stupni?;Musím robiť prijímacie skúšky ak som študoval na rovnakej fakulte v prvom stupni?;Sú nutné skúšky po bakalárovi?;Pokračujem v štúdiu, je potrebné prijímacie konanie?;;;;
;;Prax;;;Koľko hodín musím mať odrobených pre uznanie praxe?;Koľko hodín praxe musím mať?;Koľko hodín musím odrobiť pre uznanie praxe?;Koľko hodín praxe musím absolvovať?;Aký je minimálny počet hodín pre uznanie praxe?;;;
;;Študijný referát;;;Kedy môžem prísť na študijný referát?;Kedy je otvorený študijný referát?;V akých hodinách môžem navštíviť štúdijné oddelenie?;Kedy je otvorené štúdijné oddelenie?;Kedy sa dá prísť na štúdijné oddelenie?;;;
;;Stravovanie;;;Kedy sú v novej menze raňajky?;V akom čase sa podávajú v novej menze raňajky?;Kedy môžem prísť do novej menzy na raňajky? ;Ako sú v novej menze raňajky?;Kedy podávajú v novej menze raňajky?;;;
;;Stravovanie;;;Kedy je v novej menze obed?;V akom čase sa podávajú v novej menze obed?;Kedy môžem prísť do novej menzy na obed? ;Ako sú v novej menze obed?;Kedy podávajú v novej menze obed?;;;
;;Stravovanie;;;Kedy je v novej menze večera?;V akom čase sa podávajú v novej menze večeru?;Kedy môžem prísť do novej menzy na večeru? ;Ako sú v novej menze večere?;Kedy podávajú v novej menze večeru?;;;
;;Stravovanie;;;Môžem si dať obed na FRI?;Je možné obedovať na fri?;Ako sa dá obedovať na fakulte riadenia a informatiky?;Je potrebné si na fakulte objednať obed?;Ako sa naobedujem na fakulte?;;;
;;Poplatky;;;"Koľko stojí školné za medziročník pri prekročení štandardnej dĺžky štúdia na bakalárskom stupni?";Koľko musím zaplatiť školné pri rekročení štandardnej dĺžky štúdia na bakalárskom stupni?;Koľko sa platí školné pri medziročníku na prvom stupni?;Koľko stojí medziročník na bakalárskom stupni?;Koľko sa platí pri prekročení štúdia na bakalárovi?;;;
;;Poplatky;;;"Koľko stojí školné za medziročník pri prekročení štandardnej dĺžky štúdia na inžinierskom stupni?";Koľko musím zaplatiť školné pri rekročení štandardnej dĺžky štúdia na inžinierskom stupni?;Koľko sa platí školné pri medziročníku na inžinierskom stupni?;Koľko stojí medziročník na druhom stupni?;Koľko sa platí pri prekročení štúdia na inžinierovi?;;;
;;Štúdium;;;Som prijatý na štúdium ak mi boli odpustené prijímacie skúšky?;Budem prijatý ak splnam podmienky pre odpustenie prijimacieho konania?;Som automaticky prijatý ak nemusím robiť prijímacie akúšky?;Ak mi boli odpustené prijímačky som prijatý?;;;;
;;Prihl.údaje;;;Nedá sa mi prihlásiť do vzdelávania.;Nefunguje mi heslo do vzdelávania.;Nedá sa mi prihlásiť na vzdelávanie.;Čo robiť ked sa neviem prihlásiť do vzdelávania?;;;;
